COLUMN_NAME,FILL_RATE,FILL_RATE_FLAG,MOST_FREQ_VALUE_PORTION,NZV_FLAG,IV,IV_FLAG,FINAL_FLAG,ROLE
distance_km,1.0,KEEP,6e-05,KEEP,0.014568470710836749,DROP,DROP,FEATURE
gender,1.0,KEEP,0.54623,KEEP,0.003705343745925018,DROP,DROP,FEATURE
is_weekend,1.0,KEEP,0.67696,KEEP,0.07900991440775684,DROP,DROP,FEATURE
lat,1.0,KEEP,0.00281,KEEP,0.13771192551376468,DROP,DROP,FEATURE
long,1.0,KEEP,0.00281,KEEP,0.13225734453103075,DROP,DROP,FEATURE
merch_lat,1.0,KEEP,2e-05,KEEP,0.06751990437765247,DROP,DROP,FEATURE
merch_long,1.0,KEEP,2e-05,KEEP,0.0670797536829072,DROP,DROP,FEATURE
trans_date_trans_time,1.0,KEEP,2e-05,KEEP,0.0,DROP,DROP,FEATURE
trans_num,1.0,KEEP,2e-05,KEEP,0.0,DROP,DROP,FEATURE
transaction_day_of_week,1.0,KEEP,0.18547,KEEP,0.1348151467983217,DROP,DROP,FEATURE
amt,1.0,KEEP,0.00046,KEEP,8.64580396411502,KEEP,KEEP,FEATURE
amt_log1p,1.0,KEEP,0.00046,KEEP,8.64580396411502,KEEP,KEEP,FEATURE
category,1.0,KEEP,0.10281,KEEP,1.5148915619017527,KEEP,KEEP,FEATURE
cc_num,1.0,KEEP,0.00259,KEEP,9.538938496652543,KEEP,KEEP,FEATURE
city,1.0,KEEP,0.00423,KEEP,7.476014284303666,KEEP,KEEP,FEATURE
city_pop,1.0,KEEP,0.00417,KEEP,0.2672295331073036,KEEP,KEEP,FEATURE
dob,1.0,KEEP,0.00419,KEEP,8.695326053131863,KEEP,KEEP,FEATURE
first,1.0,KEEP,0.02129,KEEP,6.025459340995749,KEEP,KEEP,FEATURE
job,1.0,KEEP,0.00732,KEEP,8.424942504494279,KEEP,KEEP,FEATURE
last,1.0,KEEP,0.02177,KEEP,6.976269491616103,KEEP,KEEP,FEATURE
merch_zipcode,1.0,KEEP,0.1512,KEEP,5.615733801706657,KEEP,KEEP,FEATURE
merchant,1.0,KEEP,0.00327,KEEP,4.547784941041875,KEEP,KEEP,FEATURE
state,1.0,KEEP,0.07294,KEEP,0.5676054875678774,KEEP,KEEP,FEATURE
street,1.0,KEEP,0.00259,KEEP,9.538938496652543,KEEP,KEEP,FEATURE
transaction_hour,1.0,KEEP,0.05193,KEEP,3.52023959216807,KEEP,KEEP,FEATURE
unix_time,1.0,KEEP,2e-05,KEEP,0.45024608732562704,KEEP,KEEP,FEATURE
zip,1.0,KEEP,0.00281,KEEP,9.24372968169001,KEEP,KEEP,FEATURE
is_fraud,1.0,KEEP,0.99196,DROP,0.0,NOT_APPLICABLE_TARGET,KEEP,TARGET
